,Airpush,AndroRAT,Aples,BankBot,Bankun,Boxer,Dowgin,DroidKungFu,FakeAV,FakeAngry,FakePlayer,FakeTimer,FakeUpdates,Fobus,GingerMaster,GoldDream,Gorpo,Jisut,Kemoge,Koler,Ksapp,Kuguo,Leech,Lotoor,Obad,Opfake,RuMMS,SimpleLocker,SlemBunk,SmsZombie,SpyBubble,Svpeng,Triada,UpdtKiller,VikingHorde,Vmvol,Winge,Youmi,Zitmo,Ztorg,all
Persistence-PD,0,0,1,1,0,0,0,1,0,0,0,0,0,0,0,0,0,1,0,1,0,0,1,0,1,0,0,1,0,0,0,1,1,1,1,0,0,0,0,0,1
Persistence-TH,0,0,0,1,1,0,0,0,1,0,1,0,0,1,0,0,0,0,0,0,0,0,1,0,1,1,1,1,1,1,1,1,1,1,0,1,0,0,1,0,1
Persistence,0,0,1,1,1,0,0,1,1,0,1,0,0,1,0,0,0,1,0,1,0,0,1,0,1,1,1,1,1,1,1,1,1,1,1,1,0,0,1,0,1
Privilege-RA,0,0,1,1,1,0,0,0,0,0,0,0,0,1,0,0,0,0,0,1,0,0,0,0,1,0,1,1,1,1,0,0,0,1,1,0,0,0,0,0,1
Privilege-RE,0,0,0,0,0,0,0,1,0,0,0,0,0,0,1,0,1,0,1,0,0,0,1,1,0,0,0,0,0,0,0,0,0,0,0,0,0,0,0,1,1
Privilege,0,0,1,1,1,0,0,1,0,0,0,0,0,1,1,0,1,0,1,1,0,0,1,1,1,0,1,1,1,1,0,0,0,1,1,0,0,0,0,1,1
Anti-Analysis-DL,0,0,0,1,0,0,1,0,0,0,0,0,0,1,0,0,0,0,0,0,0,0,1,1,0,0,1,0,1,0,0,0,1,0,0,0,0,0,0,1,1
Anti-Analysis-EDA,0,0,0,1,1,0,1,0,0,0,0,0,0,1,0,0,1,0,0,1,1,0,1,0,1,0,0,0,0,0,0,1,1,0,0,0,0,0,0,1,1
Anti-Analysis-NP,0,0,0,0,0,0,0,1,0,0,0,0,0,0,0,0,0,0,0,0,0,0,0,1,0,0,0,0,1,0,0,0,0,1,1,0,0,0,0,0,1
Anti-Analysis-RN,1,0,0,1,0,1,1,1,1,0,1,0,1,0,1,0,1,0,0,1,0,1,1,1,1,0,1,1,0,0,0,0,1,1,0,0,1,1,1,1,1
Anti-Analysis-SE,0,0,0,1,0,1,1,1,1,0,0,0,1,1,1,0,1,0,0,0,0,0,1,0,1,1,1,0,1,0,0,0,1,0,0,0,0,0,0,1,1
Anti-Analysis-CDI,0,0,0,1,1,0,0,0,0,0,0,0,0,0,0,0,0,0,0,1,0,0,0,0,1,0,0,0,0,0,0,1,1,0,0,0,0,0,0,0,1
Anti-Analysis-EC,0,0,0,0,0,0,1,0,0,0,0,0,0,1,0,0,1,0,0,0,1,0,1,0,1,0,0,0,0,0,0,0,0,0,0,0,0,0,0,1,1
Anti-Analysis,1,0,0,1,1,1,1,1,1,0,1,0,1,1,1,0,1,0,0,1,1,1,1,1,1,1,1,1,1,0,0,1,1,1,1,0,1,1,1,1,1
InfoStealing-DI,1,1,1,1,1,0,1,1,1,0,0,1,0,1,1,1,1,0,1,1,1,1,1,0,1,1,1,1,1,1,1,1,1,1,1,1,1,1,1,1,1
InfoStealing-PI,1,1,0,1,1,0,0,1,0,0,0,1,0,0,1,1,0,0,0,1,1,1,1,0,1,1,1,0,1,1,1,1,0,0,1,1,1,1,1,0,1
InfoStealing,1,1,1,1,1,0,1,1,1,0,0,1,0,1,1,1,1,0,1,1,1,1,1,0,1,1,1,1,1,1,1,1,1,1,1,1,1,1,1,1,1
Mone-Service-Subscription-DY,1,1,0,0,0,0,0,0,0,0,0,0,0,1,0,1,0,0,0,0,0,0,0,0,1,1,1,0,0,0,0,1,1,1,0,1,1,0,0,0,1
Mone-Service-Subscription-ST,0,0,0,0,0,1,0,0,0,0,1,0,0,0,0,0,0,0,0,0,0,0,0,0,0,1,0,0,0,0,0,0,0,0,0,0,0,0,0,0,1
Mone-Service-Subscription,1,1,0,0,0,1,0,0,0,0,1,0,0,1,0,1,0,0,0,0,0,0,0,0,1,1,1,0,0,0,0,1,1,1,0,1,1,0,0,0,1
Mone-Bank,0,0,0,1,1,0,0,0,0,0,0,0,0,0,0,0,0,0,0,0,0,0,0,0,0,1,1,0,1,1,0,1,1,0,0,0,0,0,1,0,1
Mone_Ransom,0,0,1,0,0,0,0,0,0,1,0,0,0,0,0,0,0,1,0,1,0,0,0,0,0,0,0,1,0,0,0,1,0,0,0,0,0,0,0,0,1
Mone-SpreadMalware,0,0,0,0,0,0,0,0,0,0,0,0,0,0,0,0,1,0,1,0,0,0,1,0,0,0,0,0,0,0,0,0,0,0,0,0,0,0,0,1,1
Mone-Advertising,1,0,0,0,0,0,1,0,0,0,0,0,0,0,0,0,0,0,0,0,0,1,0,0,0,0,0,0,0,0,0,0,0,0,1,0,0,1,0,0,1
C&C-CE,1,1,1,1,1,0,1,1,1,0,0,0,1,1,1,1,1,0,1,1,1,1,1,0,1,1,1,1,1,1,1,1,1,1,1,1,1,1,1,1,1
C&C-IN,1,1,1,1,1,0,1,1,1,0,0,0,1,1,1,1,1,0,1,1,1,1,1,0,1,1,1,1,1,0,1,1,1,1,1,1,1,1,0,1,1
C&C-SMS,0,0,0,1,0,0,0,0,0,0,0,0,0,1,0,0,0,0,0,0,0,0,0,0,1,0,0,1,1,1,0,1,0,0,0,0,0,0,1,0,1
C&C,1,1,1,1,1,0,1,1,1,0,0,0,1,1,1,1,1,0,1,1,1,1,1,0,1,1,1,1,1,1,1,1,1,1,1,1,1,1,1,1,1
